<?xml version="1.0" encoding="UTF-8" standalone="yes"?>
<addon id="script.ezmaintenanceplus" name="EZ Maintenance+" version="2021.11.03.0" provider-name="aenema, peno">
  <requires>
    <import addon="script.module.requests" version="1.0.0" />
  </requires>
  <extension point="xbmc.python.pluginsource" library="default.py">
     <provides>executable</provides>
  </extension>
  <extension point="xbmc.service" library="service.py" start="startup" />
  <extension point="xbmc.addon.metadata">
	<summary>A Streamlined Utility Tool for Kodi</summary>
	<description>No Bloatware, no Nonsense! Just Keep your Kodi sharp and clean with this utility tool... Now with a Custom Wizard.</description>
    <language></language>
    <platform>all</platform>
    <license>The MIT License</license>
    <forum>-</forum>
    <source>https://github.com</source>
    <assets>
	    <icon>icon.png</icon>
	    <fanart>fanart.png</fanart>
    </assets>
  </extension>
</addon>
